ticker,close,volume,trading_value,change_5d,vol_ratio,trading_value_score,momentum_score,volume_score,final_score,name
053700,6640.0,15880131,105444069840.0,66.0,12.273493692264624,5.396016633772432,76.84671176256087,70.20960854189794,46.27530274484661,삼보모터스
080220,26450.0,21167813,559888653850.0,34.94897959183674,12.644926078529638,28.674302090152715,43.234404338566236,72.42486807338554,46.167502559646614,제주반도체
000660,649000.0,3008208,1952326992000.0,11.13013698630137,0.9702292609652556,100.0,17.450831057653442,2.795820207094378,46.073995379424346,SK하이닉스
005930,120200.0,14932506,1794887221200.0,7.802690582959642,0.8000085527081224,91.93536889684037,13.848915565801073,1.7806070475339244,41.46300434273665,삼성전자
489500,37100.0,2268411,84158048100.0,64.15929203539822,8.183599041667824,4.30567007067304,74.85417041703637,45.817071858114176,37.92364071081438,엘케이켐
232680,14520.0,8592016,124756072320.0,42.91338582677165,10.100048125605245,6.385246833188499,51.855765804285845,57.24696396443676,35.28491766389218,라온테크
452160,7070.0,1058724,7485178680.0,28.545454545454547,13.484052765811116,0.37821003721986113,36.30267553780637,77.42950272794043,34.270937494611985,제이엔비
396470,7310.0,3100989,22668229590.0,5.788712011577424,17.268446215782834,1.1559404924120769,11.668811144213695,100.0,33.96301954022894,워트
071670,10550.0,1754969,18514922950.0,87.38898756660745,1.9901872396692715,0.9431931939391079,100.0,8.878950589884367,33.04096245454095,에이테크솔루션
032940,10580.0,4845346,51263760680.0,46.13259668508287,8.97194583072249,2.6207064042777346,55.34051779020679,50.51885017134116,32.806092950175476,원익
254490,16390.0,1606224,26326011360.0,12.26027397260274,15.006523564010106,1.3433052254844162,18.674188980048868,86.5096693257865,32.092479581944374,미래반도체
030530,49300.0,12153715,599178149500.0,40.45584045584046,1.2264978283622163,30.686851314763537,49.19550635289475,4.324231319155398,28.33066182752046,원익홀딩스
308170,6810.0,1046112,7124022720.0,50.83056478405316,6.091695828654168,0.3597103304856115,60.426004384044916,33.34075395224468,28.273911633081124,씨티알모빌리티
004440,5930.0,5240700,31077351000.0,28.633405639913235,9.500408698674054,1.586685924323818,36.397881401780005,53.670655045005844,27.65523530376528,삼일씨엔에스
102120,12070.0,2749353,33184690710.0,12.279069767441861,11.10803245197625,1.694631440782798,18.694535172415698,63.25868229906331,25.26381781775682,어보브반도체
486990,46150.0,11978242,552795868300.0,21.128608923884514,3.3320223044594037,28.310984113608946,28.274040991452438,16.881787786853383,24.871142278935324,노타
101170,17140.0,3208940,55001231600.0,60.787992495309574,0.9370698795477667,2.81215310211926,71.20478450088011,2.598054372827803,23.265712902960075,우림피티에스
488900,18760.0,11792136,221220471360.0,42.12121212121212,1.3903750522335256,11.32650017021118,50.998248538364635,5.301611309697272,21.420558022503045,비츠로넥스텍
270660,23300.0,2745671,63974134300.0,12.289156626506024,8.378559121006415,3.2717774386661542,18.70545406021231,46.97983307653481,21.014297116490596,에브리봇
049070,19740.0,1782815,35192768100.0,27.684346701164298,5.0542960871776526,1.797492384333826,35.37053800393364,27.153599169169475,19.476238105664464,인탑스
352910,6140.0,332275,2040168500.0,45.15366430260047,1.6851144713943862,0.09929703936983622,54.280836795676514,7.059466391120781,18.441809771787124,오비고
388050,8090.0,2332090,18866608100.0,-0.12345679012345678,9.696823789066464,0.9612077717347799,5.268968797870823,54.84209409342887,18.41780197608382,지투파워
253590,10740.0,1992998,21404798520.0,11.526479750778815,7.263567541405657,1.091223010596356,17.87986671154743,40.329912887624126,17.89942308399001,네오셈
432720,14970.0,996961,14924506170.0,10.47970479704797,7.395348388685638,0.7592791378517356,16.746747056024322,41.11586690994301,17.662495844930895,퀄리타스반도체
172670,12950.0,400210,5182719500.0,19.244935543278086,5.325287497796155,0.2602697999949768,26.234990167258164,28.76981877608223,16.605550603000108,에이엘티
079430,6890.0,256287,1765817430.0,9.713375796178344,6.86835038671605,0.08524379119077369,15.917206331546849,37.9727986420481,16.20109900855479,현대리바트
033920,9410.0,496698,4673928180.0,9.164733178654293,6.631340318497869,0.2342076793285153,15.323308157389734,36.55924712609537,15.658449656776938,무학
002230,9620.0,794766,7645648920.0,36.64772727272727,1.013023478664702,0.3864298998508825,45.073275607056964,3.051049159002774,14.591869389758275,피에스텍
045970,5840.0,1446465,8447355600.0,12.959381044487428,5.132182168668201,0.4274961983743483,19.430962880345522,27.61811947157804,14.285723184926807,코아시아
131970,53300.0,785887,41887777100.0,18.5761957730812,3.7037314568832627,2.1404348158616395,25.51108845816651,19.09869797911814,14.23910985753005,두산테스나
007810,47800.0,1280520,61208856000.0,27.807486631016044,1.582490818946908,3.1301299421425353,35.50383530379493,6.447408765972977,13.837425197787386,코리아써키트
332570,6340.0,4611023,29233885820.0,28.08080808080808,1.8593278891844494,1.492257009998825,35.7997020571325,8.098492465699833,13.766361160849229,PS일렉트로닉스
217330,9040.0,1171954,10594464160.0,35.32934131736527,0.6718543270922763,0.5374788183111673,43.646140735075285,1.0162825559335655,13.613718514627122,싸이토젠
435570,14570.0,1335894,19463975580.0,24.743150684931507,2.3927952520022893,0.9918070817740707,32.186733304689206,11.280144642299721,13.436786216806306,에르코스
090710,7480.0,24320617,181918215160.0,20.064205457463885,1.2008716526965435,9.313297304351389,27.121838710618857,4.171394269942212,13.113288815908875,휴림로봇
127120,17770.0,2194440,38995198800.0,3.6151603498542273,5.484730188635388,1.9922665556566737,9.315971021878532,29.720750772506555,12.507923160578194,제이에스링크
464080,14230.0,1589395,22617090850.0,29.363636363636363,0.967629895924971,1.1533209822903028,37.18834623203644,2.780317336601018,12.451927463507358,에스오에스랩
054450,15960.0,2268129,36199338840.0,15.48480463096961,3.1620654585605474,1.8490525565576947,22.164699577202352,15.868148328525747,12.149475394341508,텔레칩스
002600,159800.0,838,133912400.0,3.56448476992871,5.31557247066286,0.0016517483704175967,9.261115395591354,28.71187739226241,11.392558535704296,조흥
087600,6290.0,42636,268180440.0,6.791171477079796,4.714468162744025,0.008529440112739933,12.753959886240244,25.126831777566423,11.367649275187096,픽셀플러스
025950,19650.0,1868511,36716241150.0,9.837898267188374,3.6980281422540027,1.8755301512933766,16.052000213415035,19.064682845918295,11.285216978317349,동신건설
028300,50700.0,1524429,77288550300.0,8.798283261802576,3.3877604038478486,3.953789695470114,14.926631104629207,17.21421533087793,11.223769808840185,HLB
402340,365500.0,431013,157535251500.0,16.03174603174603,1.1449047035038604,8.064314241682661,22.756756207359803,3.837601843024131,11.204033111788245,SK스퀘어
471820,6450.0,3577633,23075732850.0,6.260296540362438,4.273968200588896,1.1768142744846493,12.179294984988033,22.499646384293165,10.87440812057822,셀로맥스사이언스
200710,33900.0,894832,30334804800.0,20.426287744227352,1.6033779392008571,1.5486500382854667,27.5137878631909,6.571981619442127,10.845190860104095,에이디테크놀로지
475830,119900.0,287365,34455063500.0,25.945378151260506,0.5255530546782571,1.759704502454466,33.48812819157663,0.1437272802805692,10.793438442538944,오름테라퓨틱
304360,37850.0,222221,8411064850.0,23.289902280130292,1.2321208273613649,0.4256372556833127,30.613611664771494,4.357767441984283,10.661668634300058,에스바이오메딕스
033240,25700.0,708304,18203412800.0,14.476614699331849,2.3005951046938633,0.9272365240845052,21.073347683495328,10.730253833952647,9.911975064868194,자화전자
125490,19640.0,6205730,121880537200.0,17.113893858079905,0.6245261537516944,6.237951585938433,23.9281665165482,0.7340126436222147,9.893834382426498,한라캐스트
318060,24350.0,1725108,42006379800.0,12.211981566820276,2.412690882599378,2.146510072567607,18.621913107370048,11.398804153276533,9.864819207221018,그래피
394280,14320.0,526377,7537718640.0,18.34710743801653,1.6490928574774075,0.3809013228678377,25.263103450130497,6.844629918804608,9.784680539827667,오픈엣지테크놀로지
119830,5570.0,311470,1734887900.0,7.321772639691715,3.5931721998965203,0.08365946946331784,13.328328430745534,18.439311622702462,9.563755803819726,아이텍
043260,9690.0,3819605,37011972450.0,19.482120838471022,0.8840653789053983,1.8906785717213226,26.491740024547234,2.2819302824099856,9.388372520775695,성호전자
041920,9170.0,1411513,12943574210.0,16.075949367088608,1.637559598093325,0.6578086808211988,22.8046057168822,6.7758444177969555,9.137258512732226,메디아나
489790,45000.0,1184685,53310825000.0,14.068441064638785,1.5195073896553932,2.725564398552967,20.63150527344475,6.071769356962871,9.101208148543472,한화비전
067310,25900.0,3469732,89866058800.0,5.714285714285714,2.461510826748786,4.598054900722525,11.588245689290968,11.689971134409149,8.822687007399045,하나마이크론
199820,9720.0,1418706,13789822320.0,9.336332958380202,2.6563578374301646,0.7011565515289478,15.509062585882546,12.85205800016194,8.788798796424924,제일일렉트릭
251370,11830.0,196750,2327552500.0,8.036529680365296,2.9780081477092044,0.11401788108075687,14.102043209480117,14.770412300971872,8.707343805567898,와이엠티
407400,5060.0,1027210,5197682600.0,10.964912280701753,2.382628229996074,0.2610362637737699,17.27197756022721,11.219507516300583,8.651860028467846,꿈비
204320,58400.0,2105555,122964412000.0,9.363295880149813,1.2986279279617388,6.293471550046579,15.538249582111858,4.754422375599748,8.605190207332113,HL만도
037270,7270.0,3833814,27871827780.0,5.515239477503629,3.049467725139428,1.4224875001864248,11.372780844195256,15.196604296802391,8.539810542373864,YG PLUS
041510,136100.0,419140,57044954000.0,6.577916992952232,2.499840457288179,2.916839911236897,12.523114806567545,11.91857284640474,8.499242260386444,에스엠
351870,5060.0,62228,314873680.0,2.0161290322580645,3.8295096494682945,0.010921235741619857,7.58504136091617,19.848851574444296,8.234536374904788,차이커뮤니케이션
274090,17550.0,1160832,20372601600.0,18.10228802153432,0.6528960284143678,1.0383501732991514,24.99808976033885,0.903213385338784,8.18573101302295,켄코아에어로스페이스
042940,12300.0,5421509,66684560700.0,1.4851485148514851,3.0921134299277586,3.410615223662885,7.010262170003346,15.450947503002919,8.102608991367033,상지건설
397030,54800.0,775760,42511648000.0,17.094017094017094,0.5283159751225123,2.172391726361005,23.90665018969352,0.1602056113987159,8.089013430872072,에이프릴바이오
122870,69500.0,497588,34582366000.0,4.984894259818732,2.7212743046117853,1.7662253941948012,10.798689356593654,13.239226238561006,7.917864836224318,와이지엔터테인먼트
083450,28850.0,1535930,44311580500.0,-1.5358361774744027,3.762783420508864,2.264590740303471,3.740087313690273,19.450889737596995,7.863129411507568,GST
307950,322000.0,396476,127665272000.0,9.337860780984721,0.817362784776176,6.5342665002358675,15.510716433079752,1.8841094060304011,7.832154351827393,현대오토에버
298380,199400.0,830062,165514362800.0,6.631016042780749,0.8255643255543798,8.473033009746011,12.580593806075365,1.9330242073607218,7.74329860792923,에이비엘바이오
240810,67500.0,936813,63234877500.0,7.484076433121019,1.7876079159324547,3.233910047522173,13.504020080459952,7.670747443403479,7.645994276167898,원익IPS
118990,9560.0,506903,4845992680.0,9.885057471264368,2.0161132994081554,0.2430214416415484,16.10304941065354,9.033576177405166,7.638196253074231,모트렉스
355150,13590.0,204801,2783245590.0,9.685230024213075,2.07523816230857,0.1373601195026952,15.8867389160627,9.386202714377603,7.636826536933169,코스텍시스
330860,16970.0,89040,1511008800.0,9.62532299741602,2.0688717747941063,0.072191577049393,15.821890374047292,9.348232948831912,7.579913627683519,네패스아크
403870,33400.0,802014,26787267600.0,9.868421052631579,1.7095680101497968,1.3669324284505326,16.085040713671315,7.2053097176848615,7.533878100787065,HPSP
451220,9740.0,95102,926293480.0,9.070548712206048,2.101532141606257,0.04224035613357891,15.221354752985958,9.54302261057906,7.446209351522937,아이엠티
462350,11930.0,2796161,33358200730.0,11.391223155929039,1.235606957851879,1.7035192478273051,17.73345328656323,4.378559069431683,7.315011405929395,이노스페이스
444530,8560.0,99246,849545760.0,3.2569360675512664,3.0351618945678354,0.03830906198430804,8.92819810668179,15.111282906688187,7.227167928804716,심플랫폼
226590,13360.0,300918,4020264480.0,9.41850941850942,1.87665226260584,0.20072467449917644,15.598017486706118,8.201816744270964,7.220240139092795,엠디바이스
047920,16070.0,206828,3323725960.0,7.7077747989276135,2.1651000254898687,0.16504546724171276,13.746170520055804,9.922147764650019,7.166513672308431,HLB제약
215360,8210.0,42520,349089200.0,1.9875776397515528,3.1591538935903056,0.012673877690986697,7.554134866710919,15.850783466735606,7.026545051110352,우리산업
052020,8240.0,338801,2791720240.0,11.201079622132253,1.4273163015007209,0.13779422154458149,17.52762549640848,5.521932578305834,6.969985111032126,에스티큐브
473980,27850.0,452286,12596165100.0,4.8964218455743875,2.4403174723075014,0.6400131371679619,10.702919171039877,11.563571869922953,6.935952567156034,노머스
199800,58100.0,44119,2563313900.0,14.145383104125736,0.8240511849739863,0.1260944276210829,20.71479398508994,1.9239996871057607,6.8420758727071425,툴젠
393210,5190.0,391970,2034324300.0,0.7766990291262136,3.2401699400812003,0.09899767843419972,6.243375233743163,16.333971190340154,6.812802998598674,토마토시스템
322310,25000.0,104777,2619425000.0,8.932461873638346,1.7282989425866009,0.12896863989916948,15.071877627656935,7.317022853503544,6.768257600307811,오로스테크놀로지
336570,7700.0,1018684,7843866800.0,5.769230769230769,2.205626655612739,0.39658333231669224,11.647722964239264,10.163852599711722,6.702106002111973,원텍
058650,145700.0,3384,493048800.0,12.249614791987673,1.0874734880133683,0.02004800598054858,18.662650561954646,3.495076386912028,6.655337287052221,세아홀딩스
042700,128300.0,1334458,171210961400.0,1.0236220472440944,1.1412584632815366,8.764833271003605,6.510666043704978,3.8158553052819073,6.603889713097507,한미반도체
475580,11010.0,243953,2685922530.0,9.009900990099009,1.599087819944729,0.13237488246415988,15.155704418367943,6.5463949233844065,6.563579755511368,에이럭스
482630,22950.0,350810,8051089500.0,8.254716981132075,1.6728434858241525,0.407198024037907,14.338227996098482,6.986281018088144,6.56023191387115,삼양엔씨켐
241770,23300.0,24128,562182400.0,11.750599520383693,1.0747797810617281,0.023589277528394334,18.122473315025537,3.4193698617021666,6.471988664029668,메카로
445680,112300.0,117479,13192891700.0,13.319878910191726,0.6413703210837002,0.6705796190294986,19.821196918662707,0.8344729255255123,6.464932800868265,큐리옥스바이오시스템즈
452430,37250.0,67988,2532553000.0,13.050075872534142,0.8102046604524122,0.12451874372850202,19.529138798624558,1.8414176437550542,6.460974430205284,사피엔반도체
012450,943000.0,143933,135728819000.0,4.777777777777778,0.7772156840616328,6.947310368424664,10.574488580727797,1.6446681219415413,6.444671158170667,한화에어로스페이스
020400,5730.0,28940,165826200.0,-1.5463917525773196,3.429255315997464,0.0032864879460167236,3.728661047154342,17.461695095827913,6.358421438073083,대동금속
065660,45550.0,63897,2910508350.0,13.591022443890274,0.5971492494631012,0.14387897561735322,20.114706107439893,0.5707340755421051,6.263183645141541,안트로젠
290560,8060.0,32939,265488340.0,13.361462728551334,0.6535049083795602,0.008391541071840059,19.86621083666584,0.9068448057434173,6.235273309151513,신시웨이
025820,5620.0,2474086,13904363320.0,5.83804143126177,1.8627764953334518,0.7070237533578965,11.722209570342118,8.119060294258741,6.235190460723416,이구산업
123690,10040.0,229532,2304501280.0,3.292181069958848,2.3886132625000975,0.11283711471636775,8.966350342599023,11.255202842801653,6.11160080150675,한국화장품
079370,14860.0,281112,4177324320.0,5.464868701206529,1.971435394065118,0.20876984418079586,11.31825516369175,8.767112725864761,6.1091183045392725,제우스
399720,51900.0,139775,7254322500.0,8.691099476439792,1.3170950503987329,0.3663847536836594,14.810606114238418,4.864562122456693,6.049104372481996,가온칩스
039030,272000.0,149513,40667536000.0,5.426356589147287,1.4619424445659093,2.0779296795901017,11.276566325996022,5.72844632428027,5.932675666918928,이오테크닉스
347700,14440.0,1763597,25466340680.0,11.076923076923077,0.6084463019867379,1.2992698024831373,17.393227724244614,0.6381108154444955,5.929109482899987,스피어
006260,201250.0,184559,37142498750.0,8.198924731182796,0.9886449314664899,1.8973645980881773,14.277833644076527,2.905653089511602,5.91399185931171,LS
081180,16160.0,1167818,18871938880.0,10.989010989010989,0.6730868099150995,0.9614808334521189,17.29806408432734,1.0236332055312174,5.881101520338414,쎄크
445090,28650.0,66841,1914994650.0,6.902985074626866,1.605163149521208,0.09288518473563069,12.874996585373868,6.5826287905669565,5.8744416866765,에이직랜드
036200,9660.0,753510,7278906600.0,2.8753993610223643,2.1691434444015036,0.36764403967280784,8.515189809214812,9.946263115424536,5.685493493260927,유니셈
077500,6640.0,175912,1168055680.0,5.901116427432217,1.6592685379247636,0.054624285224564986,11.7904873961327,6.905318684604082,5.630591538310861,유니퀘스트
179900,20250.0,259218,5249164500.0,4.597107438016529,1.8477356296317153,0.26367335178450624,10.378915394319527,8.029355081844056,5.627950483562877,유티아이
347850,91900.0,1343516,123469120400.0,3.4909909909909906,0.6226654090844481,6.31932452887133,9.181559379108357,0.7229149781729747,5.499072118732932,디앤디파마텍
035420,242500.0,536006,129981455000.0,2.320675105485232,0.7243728113222527,6.6529097208623655,7.914708344594129,1.3295079963417886,5.434428790625721,NAVER
217190,5080.0,76346,387837680.0,7.286166842661035,1.2897754389225122,0.014658714148892407,13.289785639554138,4.701625254382794,5.403286753840636,제너셈
413390,7150.0,132783,949398450.0,6.083086053412463,1.4854121791426127,0.043423875766215286,11.987467042208012,5.868422145304748,5.374136306560313,엠오티
476060,19740.0,3195458,63078340920.0,6.072004298764106,0.7303023130215813,3.2258916810990295,11.97547119346805,1.3648721316249126,5.2924596699675,온코닉테라퓨틱스
012630,18700.0,290999,5441681300.0,3.6585365853658534,1.8198248396938306,0.2735347544356384,9.362925207079128,7.862892366885397,5.277159173963613,HDC
059270,9520.0,667946,6358845920.0,6.487695749440715,1.253502537328026,0.32051522375152475,12.425451537109032,4.485290077475077,5.201428573875843,해성에어로보틱스
089970,30050.0,427160,12836158000.0,8.288288288288289,0.8418699224646394,0.6523064363517884,14.374568479661571,2.030272401938659,5.182374839020784,브이엠
352820,329500.0,274016,90288272000.0,1.5408320493066257,1.1727717140555758,4.619682178808506,7.070538838980984,4.003803453388573,5.17017555923427,하이브
099320,67400.0,117262,7903458800.0,9.415584415584416,0.6496770645912371,0.39963584880764924,15.59485121080797,0.8840151663509109,5.103514252670724,쎄트렉아이
104700,9970.0,49235,490872950.0,-0.499001996007984,2.5307899498314006,0.01993655112072094,4.862446218391291,12.103158684598604,5.097656091345257,한국철강
117670,8770.0,16953,148677810.0,2.5730994152046787,1.9537520960223116,0.0024080857566563746,8.187954227919402,8.661647785310242,5.055843838271556,알파칩스
105330,5800.0,43162,250339600.0,4.504504504504505,1.55151837579801,0.007615568144815965,10.278673977816783,6.26268604809425,4.9654542350312365,케이엔더블유
220260,7260.0,5081837,36894136620.0,4.310344827586207,1.143971442927647,1.8846425968538805,10.06849876733624,3.832035784534705,4.924017404302836,켐트로스
084110,51200.0,68086,3486003200.0,4.59652706843718,1.465139824814157,0.17335789090943635,10.378287152140553,5.747515816690303,4.907084047013031,휴온스글로벌
087010,253500.0,150663,38193070500.0,7.415254237288135,0.5295172951645166,1.9511786602409584,13.429520989173371,0.167370403085778,4.859538881774127,펩트론
095610,44650.0,168623,7529016950.0,7.460890493381468,0.8716756712886917,0.3804555910208751,13.47892161592656,2.208036839336148,4.858269772987161,테스
267270,98100.0,232468,22805110800.0,5.032119914346895,1.1278700359609612,1.1629520401169222,10.849810485543179,3.7360053989994433,4.8409255814095555,HD현대건설기계
053080,11820.0,62745,741645900.0,1.5463917525773196,2.0090261290265774,0.0327820432230322,7.076557142182113,8.991307591466983,4.833472237383941,케이엔솔
074600,21400.0,317762,6800106800.0,2.8846153846153846,1.6899375531160157,0.34311819248917735,8.525166029453747,7.088231728097509,4.821266604261047,원익QnC
103140,106900.0,235484,25173239600.0,1.6159695817490494,1.684633134585579,1.2842561113800144,7.151874196284449,7.056595650730348,4.776243398656445,풍산
200470,6800.0,989735,6730198000.0,8.974358974358974,0.5508934307710996,0.33953721241025714,15.117230669556506,0.29485979254108513,4.75944202359338,에이팩트
368770,10640.0,504290,5365645600.0,5.555555555555555,1.1811504511730522,0.2696399325106911,11.416422450551446,4.053775071232569,4.748915229539481,파이버프로
348340,32750.0,521935,17093371250.0,1.8662519440124419,1.6882877433483046,0.8703762049641123,7.422801450610335,7.078392099276193,4.698508546951603,뉴로메카
037460,14660.0,108000,1583280000.0,1.453287197231834,1.8901060822038636,0.07589356774984359,6.975772726864668,8.282056656571374,4.6077062421307495,삼지전자
080580,10330.0,287565,2970546450.0,8.394543546694647,0.5890383740889892,0.14695434295417234,14.489588352246226,0.5223600116596144,4.562366246353422,오킨스전자
025560,13760.0,49899,686610240.0,5.038167938931298,1.209419115749061,0.029962918848272135,10.856357389927208,4.222372185970293,4.535604040308559,미래산업
089030,45900.0,476718,21881356200.0,4.318181818181818,1.081926328070026,1.1156340083324985,10.07698220310473,3.4619925757216716,4.50794603698092,테크윙
090360,80300.0,786961,63192968300.0,2.0330368487928845,1.011612329658762,3.2317633076221397,7.603343842437435,3.0426329265972143,4.48649835375925,로보스타
034020,75400.0,2335328,176083731200.0,-2.8350515463917527,0.5905773530601456,9.014434059215734,2.33370434089277,0.531538634635643,4.465346516344818,두산에너빌리티
115180,29950.0,155430,4655128500.0,7.155635062611807,0.7230708109762735,0.23324469212847643,13.148486762353235,1.3217427373523023,4.434366726763052,큐리언트
294870,21900.0,363994,7971468600.0,3.546099290780142,1.3197555801382215,0.4031195552790998,9.24121336438092,4.880429785272726,4.397740767007734,HDC현대산업개발
078160,18050.0,211634,3819993700.0,4.577056778679027,1.1618452254652467,0.19046608511458085,10.357210828194262,3.9386367934782367,4.364940720547581,메디포스트
241790,6590.0,44013,290045670.0,-0.4531722054380665,2.0882103155587397,0.00964945580534242,4.912056343584097,9.463569920884074,4.316547661662589,티이엠씨씨엔에스
448280,11530.0,53974,622320220.0,5.489478499542543,1.0023352662342788,0.0266697528821365,11.344894935797116,2.987303601704585,4.310327462403365,에코아이
006730,13070.0,2386653,31193554710.0,1.3964313421256789,1.3695560802426356,1.5926382961369037,6.914227036721107,5.177444899217151,4.264556899236239,서부T&D
033640,15730.0,61977,974898210.0,7.2256305385139745,0.6411985344210854,0.04473006515263369,13.224255913362967,0.8334483728590999,4.235203311927673,네패스
052710,9720.0,119368,1160256960.0,3.294367693942614,1.3500128364768564,0.054224806747447986,8.96871733333224,5.060887058196152,4.230571240157497,아모텍
083310,12460.0,66361,826858060.0,3.488372093023256,1.304650845031795,0.03714691642128139,9.178724457664666,4.790343649404025,4.20557919868912,엘오티베큠
035900,72900.0,398397,29043141300.0,0.9695290858725761,1.4337137225681877,1.4824863899011662,6.452111148465021,5.560087431034626,4.19665412981036,JYP Ent.
138040,113400.0,197815,22432221000.0,3.5616438356164384,1.0372552469049219,1.1438512839112294,9.258040122823497,3.1955698242542026,4.193623497687801,메리츠금융지주
082270,28650.0,243726,6982749900.0,6.902985074626866,0.5919589845573964,0.3524738287274225,12.874996585373868,0.5397788216965109,4.165422153612083,젬백스
319660,36950.0,330209,12201222550.0,4.231311706629055,1.0108388233569037,0.6197827598210763,9.982946488429775,3.0380196584191537,4.154202947983109,피에스케이
095340,111300.0,173996,19365754800.0,3.727865796831314,1.0159914304407955,0.9867758602895651,9.437973135894618,3.0687503172865203,4.146727380070168,ISC
092070,15640.0,36655,573284200.0,6.466984343090537,0.7278319523290424,0.02415795163866595,12.403031721326025,1.350138655835716,4.135614293803989,디엔에프
310210,216000.0,137050,29602800000.0,3.8461538461538463,0.8692252098777725,1.5111541206545822,9.566018341048919,2.1934220448329884,4.132293764026405,보로노이
078350,21550.0,139784,3012345200.0,4.866180048661801,0.9876836309088506,0.14909542520810556,10.670182837047689,2.8999197977963895,4.1306689605364655,한양디지텍
441270,9920.0,652286,6470677120.0,5.644302449414271,0.805990280954744,0.32624361988193673,11.512489756555972,1.8162826671166568,4.129129175054563,파인엠텍
241840,7080.0,46887,331959960.0,1.1428571428571428,1.68884262394283,0.011796456433476292,6.639736413592774,7.081701462087069,4.1211499452773435,에이스토리
402490,8290.0,104306,864696740.0,7.10594315245478,0.5877114519666494,0.03908514965218561,13.09469594521653,0.5144461167281218,4.09837667844427,그린리소스
246720,8290.0,48071,398508590.0,6.418485237483954,0.7046648074378924,0.015205316524186371,12.350532098897876,1.2119675096587723,4.074832009176669,아스타
232140,14460.0,677863,9801898980.0,3.7302725968436152,1.079384728268892,0.49688078028411176,9.440578464185224,3.4468342228346085,4.064976118219594,와이씨
094940,8420.0,231024,1945222080.0,3.950617283950617,1.124575681070368,0.09443354237682831,9.679098592185182,3.7163575402198843,4.056410256672251,푸른기술
950160,79600.0,283946,22602101600.0,5.570291777188329,0.5750349111559053,1.1525531790144927,11.432374210116123,0.43884197208238207,4.022386126265348,코오롱티슈진
008830,17310.0,172841,2991877710.0,4.214328717639976,1.0446411680766179,0.14804700678359392,9.964562633748814,3.2396201894874097,4.0204736496843045,대동기어
330350,8710.0,3547373,30897618830.0,2.5912838633686692,1.0002921606235438,1.5774793963858318,8.207638645822238,2.9751183175307188,3.9858188475602194,위더스제약
460940,12410.0,1461811,18141074510.0,4.110738255033557,0.8653536335314728,0.9240433327460192,9.852427366387186,2.1703315801342447,3.9764450170548367,피앤에스로보틱스
092870,15100.0,259901,3924505100.0,3.4246575342465753,1.1525949584475375,0.1958195347721356,9.109754314048295,3.8834672850090293,3.9762942936260517,엑시콘
226400,6180.0,90464,559067520.0,5.1020408163265305,0.8860862402161148,0.023429722175874666,10.925498911295675,2.2939828993758775,3.9752164320718157,오스테오닉
281820,39600.0,137795,5456682000.0,1.1494252873563218,1.5310070736648893,0.27430314422161467,6.646846340713031,6.140354611111805,3.945881543236096,케이씨텍
011210,76000.0,156667,11906692000.0,5.702364394993046,0.6297006382739272,0.6046958461251838,11.575341023238208,0.7648737816981838,3.9439427799309907,현대위아
035720,60300.0,1127637,67996511100.0,2.2033898305084745,0.6194836940936508,3.4778180400026217,7.78774862903547,0.703938914909574,3.9386334791845616,카카오
009150,255500.0,300881,76875095500.0,1.5904572564612325,0.6125915153262403,3.932611054121186,7.124257451024457,0.662833278266654,3.9091716404358072,삼성전기
053450,5300.0,67555,358041500.0,4.9504950495049505,0.8691043098851208,0.01313244668316676,10.761452679118621,2.192700985305111,3.8914990780003866,세코닉스
145720,46300.0,81661,3780904300.0,1.7582417582417582,1.4086829768974336,0.18846378550856638,7.3058818930136855,5.410801585271524,3.8903905576889892,덴티움
217270,5080.0,58756,298480480.0,1.6,1.4770756135208378,0.010081517099192082,7.134587341162595,5.818702042437002,3.890019421919556,넵튠
424980,8210.0,19785,162434850.0,4.585987261146497,0.922300226554415,0.0031127708061052086,10.366877954046986,2.509966699861822,3.864298504495084,마이크로투나노
450950,12340.0,120446,1486303640.0,6.196213425129088,0.5906663766771963,0.07092608993179783,12.109925884018185,0.5320695803029885,3.820969075269071,아스테라시스
424960,8400.0,145609,1223115600.0,4.477611940298507,0.8986387636827964,0.05744465228374697,10.249563142693507,2.368847392301241,3.808501021411923,스마트레이더시스템
126340,71900.0,155361,11170455900.0,4.657933042212519,0.7504526669856328,0.5669831860955177,10.444758283880361,1.4850508379853886,3.805736010997932,비나텍
214370,71200.0,89688,6385785600.0,5.952380952380952,0.5674252434260494,0.32189517101728365,11.845980547400249,0.39345716022058247,3.8005893806931623,케어젠
001550,11750.0,9266,108875500.0,3.433098591549296,1.0729815013171988,0.0003692683373185056,9.118891643814372,3.408644743237383,3.7584086234504532,조비
065510,9230.0,43329,399926670.0,2.555555555555556,1.226533131029485,0.015277955680205573,8.168963238374507,4.324441867758713,3.754132714112048,휴비츠
255440,10580.0,60400,639032000.0,4.856293359762141,0.8051819591250178,0.027525790337554094,10.659480630732647,1.8114617556829051,3.752293032059687,야스
006280,159500.0,123116,19637002000.0,-0.12523481527864747,1.4891914596110825,1.0006701170878922,5.267044109814254,5.890962148248835,3.747669924254083,녹십자
024940,5810.0,77286,449031660.0,3.3807829181494666,1.0698386507347648,0.017793289815043772,9.062260638639867,3.389900471153874,3.7427656488641396,PN풍년
005490,305500.0,213436,65204698000.0,0.4934210526315789,0.8154669594822543,3.334811335622508,5.9367306756183815,1.8728025162499318,3.6767844918094976,POSCO홀딩스
071280,8840.0,88715,784240600.0,3.51288056206089,0.9630310701406634,0.03496389689764231,9.205254542182207,2.7528894842406433,3.601428766685912,로체시스템즈
034730,256000.0,104258,26690048000.0,3.0181086519114686,0.736548772565893,1.3619524910051668,8.669670676335167,1.4021266348811667,3.5663201897669667,SK
088340,13850.0,101834,1410400900.0,-2.7387640449438204,2.067174965084933,0.06703807869608129,2.437934252090966,9.33811300770571,3.559629409417435,유라클
058970,37450.0,50513,1891711850.0,2.1828103683492497,1.131250650861601,0.0916925560110426,7.765471641045263,3.7561677210205167,3.4931688310241507,엠로
120240,13280.0,18671,247950880.0,0.1508295625942685,1.5084994990789515,0.007493209318257387,5.565880045506686,6.00611720754681,3.4745964596433514,대정화금
035250,18970.0,769663,14600507110.0,0.8506113769271665,1.2128833089337239,0.7426827411255885,6.323384345329773,4.24303297715333,3.466998293195166,강원랜드
212560,8800.0,473674,4168331200.0,3.4077555816686247,0.8667840619360996,0.20830918424145578,9.091458180180613,2.1788627967826475,3.46441996678556,네오오토
001260,8320.0,366436,3048747520.0,2.337023370233702,1.069769471854675,0.15096008291566854,7.932405118914304,3.389487881462821,3.456951933279405,남광토건
065680,36150.0,47076,1701797400.0,4.178674351585014,0.7435011170047688,0.08196445508313237,9.925967267248978,1.4435911055464032,3.4436532938718676,우주일렉트로
000860,12830.0,51197,656857510.0,0.4698512137823023,1.4242336992882585,0.02843887704776215,5.911216645518179,5.503547633466722,3.435804834514575,강남제비스코
220100,30800.0,525214,16176591200.0,4.406779661016949,0.5319204261367103,0.8234154347062693,10.172888163402712,0.181702914165646,3.4357434971530147,퓨쳐켐
015760,47100.0,2336163,110033277300.0,-2.5853154084798344,0.7251154842759931,5.631092339438845,2.6040403147846196,1.3339373713785083,3.433830241624476,한국전력공사
405100,15870.0,44618,708087660.0,2.652005174644243,1.0151575134579243,0.03106306951838237,8.27336863971468,3.0637767538249405,3.4135688458692393,큐알티
219130,22400.0,53021,1187670400.0,2.9885057471264367,0.9411123624722992,0.05562902170371493,8.637625934384719,2.6221641412825583,3.400188631381669,타이거일렉
066310,7390.0,29521,218160190.0,2.2130013831258646,1.0710566893424036,0.005967223070069921,7.798153004065693,3.3971649740218783,3.360982282654299,큐에스아이
006400,269000.0,379059,101966871000.0,-3.7567084078711988,0.9853379065998266,5.217902007624015,1.3360233191335995,2.8859296657401607,3.353746698511734,삼성SDI
002240,21300.0,29797,634676100.0,3.902439024390244,0.7488113308068877,0.02730266547879856,9.626946281239853,1.4752617464877333,3.341583474509795,고려제강
146320,13460.0,32588,438634480.0,4.910366328916601,0.5456332429748967,0.017260708874490542,10.718013884669451,0.26348751165268874,3.301354702446438,비씨엔씨
007660,119300.0,865335,103234465500.0,-1.5676567656765676,0.5348945052429038,5.2828327552931045,3.705641959592269,0.19944061645284653,3.2846578749307764,이수페타시스
143160,17940.0,20261,363482340.0,1.2415349887133182,1.1962955637102226,0.013411146069404148,6.746553840113913,4.1441020220964635,3.2725612170908747,아이디스
337930,5150.0,487894,2512654100.0,3.1031031031031033,0.8328535845364892,0.12349945052804048,8.761676014170567,1.9764980697235968,3.270852005379465,젝시믹스
039290,5970.0,35799,213720030.0,1.7035775127768313,1.1125043701200326,0.0057397821111746395,7.246708590509759,3.6443630463924084,3.2696174039151202,인포뱅크
001440,23000.0,1914293,44028739000.0,1.3215859030837005,0.6753948024822852,2.250102581774188,6.833207866552342,1.0373983017428674,3.2612228831982377,대한전선
264660,16120.0,106696,1719939520.0,3.465982028241335,0.7667470811136717,0.08289375969584752,9.154487516952239,1.5822323373428246,3.254173460166858,씨앤지하이테크
376300,40500.0,205700,8330850000.0,1.8867924528301887,0.9603909916538894,0.4215283626700787,7.445036272138,2.7371437947209136,3.2232653651257053,디어유
445180,8790.0,54207,476479530.0,4.394299287410926,0.5877846578738063,0.01919926839969681,10.159378328656619,0.5148827240073662,3.209958023159074,퓨릿
053610,34100.0,36246,1235988600.0,2.2488755622188905,0.9573907496602538,0.05810405362600917,7.83698631519067,2.7192500543823193,3.1901125323223,프로텍
054040,5030.0,57229,287861870.0,-2.5193798449612403,1.822623151826875,0.009537593717932167,2.675414665837465,7.879581777540021,3.1703139705004184,한국컴퓨터
014680,226500.0,42170,9551505000.0,1.1160714285714286,1.0469150514209817,0.4840547003877103,6.610741242055481,3.253181854916603,3.1527988092467094,한솔케미칼
079900,47750.0,82075,3919081250.0,2.13903743315508,0.9197655172259223,0.19554170567478232,7.71808803383182,2.4948494424358967,3.1420979251502277,전진건설로봇
348210,72400.0,77059,5579071600.0,3.5765379113018603,0.633758133341777,0.2805723795606137,9.274162757253992,0.7890730840622081,3.1311997042191053,넥스틴
001040,171600.0,109117,18724477200.0,-0.17452006980802792,1.1524400515612814,0.9539273160339381,5.213693491865613,3.8825434050002805,3.1104419954733435,CJ
141080,173700.0,202092,35103380400.0,2.056404230317274,0.5545036063367921,1.7929136249644693,7.628638715236045,0.3163912370999816,3.100674435686596,리가켐바이오
333620,6210.0,17107,106234470.0,-1.740506329113924,1.6403534426135191,0.00023398528543046464,3.5185346572238014,6.792507183166149,3.0934061462311573,엔시스
047810,113900.0,450909,51358535100.0,0.08787346221441124,0.696040942876617,2.6255610908123517,5.497730922792917,1.1605339274670656,3.0477038914029357,한국항공우주
100030,19750.0,5468,107993000.0,0.6625891946992865,1.1765085580884964,0.0003240635144686341,6.119852889406593,4.026090361228924,3.0439126005964425,인지소프트
097520,28550.0,65797,1878504350.0,0.7054673721340388,1.1484420272147788,0.09101602037615344,6.16626793351054,3.8586987919072535,3.0438964257757997,엠씨넥스
089010,30650.0,286097,8768873050.0,3.372681281618887,0.5834001246136158,0.44396547811416975,9.053490727244885,0.4887329334803998,3.0402532894632532,켐트로닉스
031980,46450.0,114919,5337987550.0,0.10775862068965517,1.2030316829713843,0.26822318775077847,5.519256336484927,4.184276904390865,3.018349247363049,피에스케이홀딩스
300080,16640.0,137628,2290129920.0,2.5893958076448826,0.7645526402114536,0.11210096198785587,8.205594851171133,1.5691444745051009,2.9772621824980123,플리토
163560,6870.0,28488,195712560.0,-0.43478260869565216,1.3373831644078062,0.004817374755566282,4.931962832033888,4.98556244336689,2.97718453252246,동일고무벨트
036890,13520.0,87021,1176523920.0,3.1273836765827614,0.6725587660983886,0.05505805892320543,8.78795940484505,1.020483899920647,2.964556214998991,진성티이씨
126700,16070.0,49161,790017270.0,2.096569250317662,0.8617827461140805,0.035259798703888394,7.672116803305223,2.149034453982183,2.9604492966677767,하이비젼시스템
476080,9350.0,33400,312290000.0,3.2008830022075054,0.6523335572881673,0.010788890362922118,8.867521425541339,0.8998587518453733,2.934529609361182,M83
094170,28500.0,201548,5744118000.0,3.4482758620689653,0.51709403354025,0.28902664955949076,9.135320832802638,0.09327684058828226,2.8841899618410722,동운아나텍
252990,6760.0,321735,2174928600.0,3.048780487804878,0.6265529451698257,0.10619993619446057,8.702872521677312,0.7461006283359366,2.8771719194817593,샘씨엔에스
104830,30650.0,60868,1865604200.0,-0.8090614886731391,1.3294382955023234,0.09035522831327893,4.526811033131836,4.938178458501517,2.8756389388153174,원익머트리얼즈
358570,17550.0,528288,9271454400.0,2.3323615160349855,0.6661564773178213,0.4697095017905429,7.927358725126489,0.9823000156689157,2.8607814229548385,지아이이노베이션
064350,188700.0,307153,57959771100.0,0.0,0.5272020921042153,2.963700132138351,5.402609094668227,0.15356230277919247,2.8523314720895665,현대로템
059120,9250.0,220493,2039560250.0,2.097130242825607,0.7863224759138747,0.09926588261799664,7.672724070067853,1.698981930316772,2.8512181531625864,아진엑스텍
078930,56000.0,184992,10359552000.0,1.6333938294010888,0.7716760130406373,0.5254457728969115,7.170735707468738,1.611628975425626,2.844887714027074,GS
377480,18620.0,30106,560573720.0,3.387007218212104,0.5648182717003646,0.023506875155111465,9.068998358832456,0.3779089227022703,2.8434749345224626,마음AI
086820,7970.0,39569,315364930.0,3.6410923276983094,0.5180815963129779,0.010946399332809659,9.34404203532511,0.09916676275480804,2.837341199157099,바이오솔루션
035760,64800.0,48075,3115260000.0,0.0,1.14413208389112,0.1543670912734086,5.402609094668227,3.832993863147771,2.832427723854163,CJ ENM
068930,7850.0,74780,587023000.0,0.641025641025641,1.0475399341330198,0.024861702369736564,6.096510635731675,3.25690871728804,2.815970486853809,디지털대성
000150,782000.0,62381,48781942000.0,0.2564102564102564,0.5614409306197756,2.4935787286121234,5.6801697110936065,0.3577661260681577,2.8088122425933784,두산
307930,6370.0,108593,691737410.0,1.92,0.8076338966310719,0.030225550929372614,7.480982990461468,1.8260853537636144,2.8042107236392737,컴퍼니케이
182360,13840.0,42414,587009760.0,0.36258158085569253,1.0793739661534547,0.02486102416933483,5.795098726306726,3.4467700365124596,2.7825050385134897,큐브엔터
455900,30850.0,311022,9595028700.0,-0.32310177705977383,1.0970075855706796,0.4862841407823516,5.052855813873727,3.5519386888247566,2.7759520071224855,엔젤로보틱스
093520,21700.0,47102,1022113400.0,-2.2522522522522523,1.5362361854689968,0.04714859693707904,2.9645766530939492,6.171541551706153,2.7596949002148623,매커스
475460,8680.0,15577,135208360.0,1.4018691588785046,0.8792095749574562,0.001718132100979092,6.920113399423807,2.2529697868353247,2.7526122087181313,미트박스
210980,12690.0,44530,565085700.0,-0.39246467817896385,1.19913020647498,0.023737994992620998,4.977771416466116,4.161008112236139,2.751129056607725,SK디앤디
094840,6810.0,25593,174288330.0,1.0385756676557862,0.9378057405012038,0.0037199486684899056,6.526853134492093,2.6024431204201797,2.7402768559410777,슈프리마에이치큐
015230,6350.0,64931,412311850.0,0.0,1.11948262871783,0.015912369128209845,5.402609094668227,3.685982071667514,2.732942297552006,대창단조
481070,22450.0,33899,761032550.0,2.277904328018223,0.6999666525223806,0.03377509713680269,7.86840955949506,1.1839472485241733,2.729217081260491,에이유브랜즈
382840,7630.0,34796,265493480.0,-2.6785714285714284,1.6045152930652071,0.008391804361119887,2.5030919409388184,6.578764910511628,2.727913777179582,원준
264850,6985.0,4984794,34818786090.0,-3.522099447513812,1.3599913382569055,1.7783356812051134,1.5899843289908826,5.120399830898874,2.7244495204489723,이랜시스
180640,123900.0,95773,11866274700.0,1.4742014742014742,0.7089522684355497,0.602625526706974,6.998412147335027,1.237538351599747,2.7118353603632217,한진칼
102710,47200.0,57300,2704560000.0,1.7241379310344827,0.7674232191729911,0.13332956068480553,7.268964963735433,1.58626489168083,2.709900780898801,이엔에프테크놀로지
005610,51700.0,11984,619572800.0,-2.4528301886792456,1.5437828089272487,0.026529020151944777,2.7474537639575227,6.216550361289365,2.699812845634844,SPC삼립
019440,16530.0,18371,303672630.0,2.670807453416149,0.6155830883030501,0.010347477689514982,8.293721850850595,0.6806753157304795,2.6964581410501283,세아특수강
079550,420000.0,73775,30985500000.0,0.7194244604316548,0.616391974330021,1.5819809858721654,6.181376291832961,0.6854995920924658,2.692855159526494,LIG넥스원
053690,17960.0,27113,486949480.0,1.8140589569160999,0.7664398131461968,0.01973557688127982,7.36630325169132,1.58039976075866,2.691905134487506,한미글로벌
348350,8500.0,12630,107355000.0,1.070154577883472,0.8963358811130745,0.0002913828606689536,6.561036875468562,2.355112772620465,2.6749614475709755,위드텍
041960,6960.0,142359,990818640.0,2.3529411764705883,0.6496041703456991,0.04554556681591276,7.949635927748179,0.8835804178524224,2.668183130406546,코미팜
143240,13460.0,12032,161950720.0,-0.8106116433308769,1.2165639550461824,0.003087971926913924,4.525133011790646,4.264984715031241,2.6382705068173316,사람인
160190,59500.0,238467,14188786500.0,1.1904761904761905,0.692505889655623,0.721592931223389,6.691283385214632,1.13945052001068,2.637857344056949,하이젠알앤엠
067900,6650.0,92505,615158250.0,0.0,1.0636976732152406,0.02630289102932506,5.402609094668227,3.3532750731384438,2.637286406753731,와이엔텍
025980,7810.0,583757,4559142170.0,1.8252933507170794,0.6869737395595218,0.2283279272064829,7.378464330238725,1.1064562290355675,2.636807338664881,아난티
425420,36800.0,113023,4159246400.0,0.546448087431694,0.9175270453036234,0.2078438281228988,5.9941317198370685,2.481498974234392,2.6258267394705976,티에프이
059090,13550.0,230161,3118681550.0,2.5738077214231643,0.5583985656769304,0.1545423553658981,8.188720959770825,0.33962116028939815,2.620319578164426,미코
005430,65300.0,6694,437118200.0,0.9273570324574961,0.886329030122476,0.017183039561413146,6.406460474011949,2.2954309224188436,2.617440634753803,한국공항
054050,7970.0,51655,411690350.0,-3.0413625304136254,1.605708494976624,0.01588053366373257,2.1103755056810636,6.585881284863998,2.615229250629011,농우바이오
372320,44550.0,141251,6292732050.0,0.22497187851518563,0.9415710159496002,0.3171286336311061,5.646138094456524,2.624899596037751,2.6081627606007247,큐로셀
183300,88000.0,68413,6020344000.0,1.3824884792626728,0.7169779880327253,0.30317593839408413,6.899134077238244,1.285404537996333,2.576631959928007,코미코
003670,186800.0,394276,73650756800.0,-4.936386768447837,1.0827848020268505,3.767448833450948,0.05903753264680261,3.467112599407577,2.5648245729966934,포스코퓨처엠
012510,86000.0,90333,7768638000.0,1.8957345971563981,0.5958183292642749,0.39272984271079037,7.454716021794256,0.562796335686551,2.562345644328558,더존비즈온
200880,13030.0,66797,870364910.0,1.6380655226209049,0.7158952495323161,0.03937549369834193,7.175792751863123,1.2789469783654703,2.5521721165479145,서연이화
009300,15650.0,15348,240196200.0,-4.5149481391092126,1.833231805640162,0.0070959867282772825,0.515239119051115,7.942852839367593,2.540265982216923,삼아제약
067920,5260.0,35837,188502620.0,-3.6630036630036633,1.6729063579497712,0.004448055706888433,1.437457431448522,6.986655993671027,2.52901324981862,이글루
045340,7170.0,23947,171699990.0,1.702127659574468,0.693229813484792,0.0035873645878380794,7.245139144130319,1.1437680734118887,2.5181071110977977,토탈소프트
085620,9390.0,62054,582687060.0,1.9543973941368076,0.6367938444835196,0.024639599933943167,7.51821770194962,0.8071783659123218,2.50747466033216,미래에셋생명
003350,48700.0,14383,700452100.0,-2.0120724346076457,1.3409222278160018,0.03067194868307408,3.2245680402236006,5.006669767976839,2.4816401219333617,한국화장품제조
114810,12040.0,314428,3785713120.0,-2.1933387489845653,1.3346259602381398,0.18871011055810397,3.028349719396705,4.969118204676424,2.4747244214451802,한솔아이원스
094480,9170.0,192603,1766169510.0,1.2141280353200883,0.7323053209365529,0.08526182599420597,6.716886185689064,1.3768182691707107,2.462216066855615,갤럭시아머니트리
100090,20350.0,379109,7714868150.0,1.8518518518518516,0.5423408899944631,0.38997555767519354,7.4072135466293005,0.24385159246355434,2.451309764797934,SK오션플랜트
084690,9800.0,73123,716605400.0,0.0,0.958366126187997,0.03149937878499003,5.402609094668227,2.7250672965770555,2.4509026688875806,대상홀딩스
006120,57800.0,34836,2013520800.0,-0.17271157167530224,0.9720584808865611,0.09793204836943223,5.2156511665060545,2.8067298558371987,2.445887126050749,SK디스커버리
287840,57850.0,349171,20199542350.0,0.9598603839441536,0.5567314534592365,1.0294854563146965,6.441644910082606,0.3296783379430699,2.4431911569335814,인투셀
452450,6920.0,166450,1151834000.0,2.0648967551622417,0.5659818552575787,0.053793352453202596,7.637831757916856,0.38484865025731907,2.4283214634335337,피아이이
005180,74400.0,35452,2637628800.0,-2.9986962190352022,1.460959151084325,0.12990110398324256,2.1565612076595535,5.722581864588876,2.4157033632678258,빙그레
050960,9680.0,11489,111213520.0,2.3255813953488373,0.5221299666880264,0.0004890301275955102,7.920019336665855,0.12331164454742422,2.4131949064150215,수산아이앤티
104540,6780.0,115667,784222260.0,1.6491754122938531,0.6353327673944501,0.03496295745690456,7.1878190563846855,0.7984643574750231,2.409870207140674,코렌텍
353200,47100.0,691998,32593105800.0,-0.10604453870625664,0.5836168739812767,1.6643283347689652,5.287817323293999,0.49002564817198346,2.399084225347381,대덕전자
253450,42950.0,80337,3450474150.0,-0.8083140877598153,1.0443786501480372,0.17153796523093867,4.52762008445889,3.2380545065664275,2.3983175633999707,스튜디오드래곤
125210,6100.0,53053,323623300.0,-1.1345218800648298,1.1361906036675145,0.011369422735505062,4.174504584390617,3.785630088716668,2.392588171026387,아모그린텍
036930,27550.0,236023,6502433650.0,-1.2544802867383513,1.0871428179911051,0.32787030352270347,4.044651240113952,3.493104238155799,2.3924747648900064,주성엔지니어링
003490,22550.0,983844,22185682200.0,-0.44150110375275936,0.7550188512208955,1.131222680194946,4.924690152478832,1.5122840129150428,2.383581321696141,대한항공
056080,14320.0,1962629,28104847280.0,0.35038542396636296,0.5408561213076113,1.4344235967508052,5.781896552292256,0.23499628499110384,2.3788372898853303,유진로봇
214450,400500.0,59880,23981940000.0,0.628140703517588,0.5373632586397207,1.2232334627917734,6.08256286606206,0.21416450617119995,2.378311596786687,파마리서치
036800,25550.0,7742,197808100.0,-0.1953125,0.9552187243598048,0.004924715848455597,5.191185968875458,2.706295880413174,2.371214441125972,나이스정보통신
042370,8910.0,367651,3275770410.0,1.4806378132118452,0.609886217919475,0.1625890115562531,7.005379396805668,0.6466986166500177,2.3606590086592067,비츠로테크
014830,66800.0,26791,1789638800.0,-3.6075036075036073,1.5478074989889652,0.08646400740708104,1.4975354869518513,6.240554011348408,2.35601245245291,유니드
420770,31450.0,17943,564307350.0,1.779935275080906,0.5774104222211138,0.02369812510722134,7.329364830048288,0.45300975530202503,2.3441916256479822,기가비스
195870,55600.0,220230,12244788000.0,-0.17953321364452424,0.798092521547284,0.6220143388008214,5.208266831821014,1.7691796479623478,2.342039679455337,해성디에스
018260,170100.0,84199,14322249900.0,0.2357100766057749,0.692242110031628,0.7284294064119913,5.657762047893679,1.1378773122133121,2.3300635705968937,삼성에스디에스
101160,21350.0,48667,1039040450.0,-2.064220183486239,1.2586103226890974,0.048015661295856285,3.1681188110602423,4.515753415149228,2.3243679323811834,월덱스
235980,6650.0,215956,1436107400.0,1.6819571865443423,0.5692534446520856,0.06835485804859145,7.223304881311771,0.40436073336394446,2.315641627622151,메드팩토
322180,7730.0,293106,2265709380.0,1.310615989515072,0.6139284120923199,0.11085005412995422,6.821333084260599,0.6708066629611149,2.2919819458184953,LS티라유텍
072870,11000.0,44782,492602000.0,-4.097646033129904,1.6092106847104861,0.020025119278169745,0.9669629751588955,6.606768691228937,2.2801295476276175,메가스터디
036810,33450.0,228630,7647673500.0,-0.8888888888888888,0.9443206832581232,0.3865336061174495,4.440398957726912,2.6412988841420444,2.279122795007667,에프에스티
456010,16540.0,263333,4355527820.0,1.1002444987775062,0.6182154921163926,0.21789806814535911,6.593608805735565,0.6963752327379065,2.2741544388001853,아이씨티케이
002030,324500.0,1966,637967000.0,1.8838304552590266,0.5082007470499282,0.02747123720856246,7.441829950038362,0.040236399333171496,2.255608399694885,아세아
354320,20200.0,5636,113847200.0,0.4975124378109453,0.7571554277807259,0.000623936686058116,5.941159544448814,1.5250267670849502,2.2401054681345522,알멕
093920,5450.0,28523,155450350.0,-3.5398230088495577,1.486536842900735,0.002754999604751183,1.5707988148134326,5.875129751324115,2.2348805696831646,서원인텍
117730,20150.0,1037562,20906874300.0,-0.49382716049382713,0.6868823992881212,1.06571754186235,4.868047907478608,1.1059114666122811,2.2184748289722065,티로보틱스
003220,12000.0,26610,319320000.0,-1.800327332242226,1.1527764540752228,0.01114899223786217,3.4537792346602445,3.8845497429045186,2.205958290164574,대원제약
142210,6130.0,262841,1611215330.0,1.490066225165563,0.540054525081445,0.07732451578826023,7.0155855245574354,0.23021548572296374,2.2046701093994243,유니트론텍
009450,55100.0,36815,2028506500.0,-1.2544802867383513,1.0305743110842374,0.09869966980147907,4.044651240113952,3.1557240614631556,2.199592458393724,경동나비엔
077360,6100.0,267839,1633817900.0,1.1608623548922055,0.5933525831004649,0.07848230068661924,6.65922681082293,0.5480903814036312,2.193588077942616,덕산하이메탈
000490,9700.0,83438,809348600.0,0.6224066390041494,0.6957407786496518,0.03625001892836704,6.076355819186264,1.158743718294724,2.185029868815643,대동
419530,41750.0,153271,6399064250.0,-2.224824355971897,1.1393131459094785,0.3225753512109782,2.9942669779093736,3.8042532398466515,2.1685862058111987,SAMG엔터
086900,121200.0,24042,2913890400.0,-0.24691358024691357,0.8172616872466453,0.14405221637782847,5.135328501073418,1.883506450353448,2.163271371979191,메디톡스
109080,8060.0,14537,117168220.0,0.6242197253433208,0.6874163604810071,0.0007940512705123712,6.078318460497802,1.1090960640403065,2.1565419778696375,옵티시스
086280,179650.0,77514,13925390100.0,0.7571508693213684,0.5029919370354856,0.708100820627022,6.222214616530045,0.009170540622700367,2.1526558753966323,현대글로비스
124500,30450.0,1053168,32068965600.0,-1.932367149758454,0.7824144847062369,1.637479989285117,3.3108479274044993,1.6756742837791525,2.1509486590691425,아이티센글로벌
340570,49200.0,19082,938834400.0,0.819672131147541,0.6285885581202296,0.042882747144314795,6.28989303242149,0.7582412255416534,2.131593376246669,티앤엘
248070,16600.0,115181,1912004600.0,-1.1904761904761905,0.9822199102894275,0.09273202362451198,4.113934804121823,2.8673336269961767,2.131473338785205,솔루엠
053580,9810.0,39286,385395660.0,-2.8712871287128716,1.301742405039174,0.014533625104704484,2.2944798156869988,4.772997425289855,2.126056622334938,웹케시
031440,47900.0,50100,2399790000.0,0.0,0.7546970855285704,0.11771814554604593,5.402609094668227,1.510364970464285,2.120979477758172,신세계푸드
016610,10880.0,49917,543096960.0,1.1152416356877324,0.5625578989363501,0.02261165267376334,6.609843002540695,0.36442783571211923,2.1013259125453496,DB증권
219420,5050.0,30859,155837950.0,0.5976095617529881,0.6578804307273801,0.0027748538702884185,6.049513320201482,0.9329408542967311,2.095846193897579,링크제니시스
004020,31050.0,203192,6309111600.0,0.975609756097561,0.5165509359740158,0.3179676530714581,6.458693391311134,0.09003775292490995,2.0918064044993963,현대제철
236200,38950.0,24172,941499400.0,0.9067357512953367,0.5903219149562301,0.04301925802578211,6.3841382175196335,0.5300151764900193,2.0914537214132087,슈프리마
004430,9000.0,22325,200925000.0,-1.098901098901099,0.9626745319224169,0.005084374672637766,4.213063595702316,2.750763055002062,2.0911817450803682,송원산업
023810,8880.0,75842,673476960.0,0.3389830508474576,0.6934544164493583,0.029290185028625945,5.769553638417034,1.1451076277330916,2.086114453856488,인팩
008490,21750.0,32879,715118250.0,-1.1363636363636365,0.9598474940445607,0.03142320161524365,4.172510908237569,2.7339023211609126,2.084493249465642,서흥
267290,20600.0,16020,330012000.0,-4.408352668213457,1.5577066124742933,0.011696674918780953,0.6306272670300351,6.299593304400266,2.0837448413966024,경동도시가스
089590,5410.0,58407,315981870.0,0.9328358208955223,0.5882509939394245,0.010978001217692379,6.412391188006827,0.5176639984800238,2.0834077564331324,제주항공
160980,14620.0,62316,911059920.0,-1.9450033534540576,1.0898254278608879,0.0414600384212017,3.2971694087050882,3.5091035890553157,2.058465914696602,싸이맥스
017670,53300.0,298308,15899816400.0,-0.18726591760299627,0.5882652222115734,0.809238034362577,5.199896284919355,0.5177488573040252,2.038988756412045,SK텔레콤
003920,50600.0,5088,257452800.0,-1.364522417153996,0.9760214847496643,0.007979931822884754,3.925532130065332,2.830365603299451,2.0299612927385886,남양유업
166090,43050.0,113801,4899133050.0,-0.46242774566473993,0.7588546996065393,0.24574348244837743,4.9020373471265035,1.5351613925185972,2.029457014872881,하나머티리얼즈
161890,62300.0,65317,4069249100.0,0.322061191626409,0.6207011241934411,0.2032338428498487,5.751235955878848,0.7111997885765144,2.020024260476548,한국콜마
136490,9620.0,58894,566560280.0,-0.10384215991692627,0.7361878832879575,0.0238135282817745,5.290201368390036,1.399974255491751,2.016578098477246,선진
008060,10500.0,81243,853051500.0,0.9615384615384616,0.5340024549797143,0.03848863859128562,6.4434614062634,0.19412034035100276,2.006669979420835,대덕
004560,10950.0,15722,172155900.0,-1.3513513513513513,0.9591615115243358,0.003610717937170074,3.9397896297236605,2.729811053483253,2.002324492136942,현대비앤지스틸
049430,13920.0,57973,806984160.0,-4.853041695146958,1.5763706196254377,0.03612890381070228,0.14925744134030286,6.410907291188226,1.9825009812828396,코메론
448710,16710.0,24907,416195970.0,0.5415162454873645,0.6011522466879545,0.016111327719176012,5.988793067985363,0.5946083473740386,1.9814649556954909,코츠테크놀로지
192650,7050.0,88690,625264500.0,0.2844950213371266,0.6452014190211838,0.026820569489298444,5.710571087288137,0.8573219729858423,1.981096145877913,드림텍
078890,5900.0,122296,721546400.0,0.8547008547008548,0.5357430732244114,0.03175247456935402,6.3278111494194915,0.2045015599210572,1.972394802629906,가온그룹
068270,180200.0,218124,39305944800.0,-1.4223194748358863,0.5061091864372094,2.0081840830009297,3.862967600930073,0.027762124729384923,1.9704925508982092,셀트리온
006360,19690.0,420758,8284725020.0,-1.0552763819095476,0.7939851133688228,0.41916567536146243,4.260286758726591,1.7446826588641644,1.9691570954218114,GS건설
001230,7450.0,33904,252584800.0,-1.9736842105263157,1.0468527106889887,0.007730575360977474,3.26612277086761,3.2528100486179214,1.9587720759900504,동국홀딩스
036010,7120.0,29747,211798640.0,-0.2801120448179272,0.7377151834616095,0.005641361607406352,5.099391614539662,1.4090832249630107,1.9547989964937642,아비코전자
234030,8820.0,625406,5516080920.0,0.0,0.6248854704031541,0.2773457704607917,5.402609094668227,0.736155643711605,1.9525677296982664,싸이닉솔루션
079810,5040.0,81588,411203520.0,-3.262955854126679,1.273736789477012,0.015855596480833987,1.8705037455314426,4.60596916091823,1.9492841105272354,디이엔티
214420,8440.0,77586,654825840.0,-0.1183431952662722,0.6984048112211417,0.028334807605904476,5.274504194779591,1.1746322723476703,1.94607486318054,토니모리
023910,29300.0,23944,701559200.0,-3.618421052631579,1.3295094574297668,0.030728658325427725,1.485717501033762,4.938602875283353,1.9395875762253054,대한약품
006890,8020.0,30595,245371900.0,-2.3142509135200973,1.089497627462676,0.007361104690457544,2.897463945201649,3.5071485550210832,1.9243281919430026,태경케미컬
047560,16810.0,23740,399069400.0,-0.5913660555884093,0.7706478603484795,0.015234043228665051,4.762463379671788,1.6054969709603448,1.9164817224811057,이스트소프트
084730,7760.0,25823,200386480.0,-2.512562814070352,1.121361805608329,0.005056789742098261,2.682794009092902,3.6971896687214194,1.9160178192411355,팅크웨어
054930,22600.0,9743,220191800.0,-1.5250544662309369,0.9415891914877168,0.006071289438511878,3.7517583695238144,2.6250079967468474,1.9154584256566032,유신
102940,51800.0,69417,3595800600.0,-0.5758157389635317,0.7302490496726518,0.17898210849173266,4.779296385997029,1.3645544637376787,1.9147480983171055,코오롱생명과학
058430,39500.0,6566,259357000.0,0.3811944091486658,0.5940603017348624,0.008077471793049882,5.8152468598749545,0.5523112854185593,1.913498432305274,포스코스틸리온
395400,5740.0,251152,1441612480.0,0.7017543859649122,0.5076522176433158,0.06863684803859074,6.162248676464003,0.03696491563591406,1.8872188168454112,SK리츠
289930,8420.0,16873,142070660.0,0.5973715651135006,0.5392293938023613,0.002069643778987787,6.049255692075025,0.22529432106874725,1.8831928614547269,웨이비스
054210,8990.0,110687,995076130.0,-0.22197558268590456,0.6779730573591533,0.04576365076065508,5.162323544377665,1.0527752691312502,1.8828351043569365,이랜텍
357780,261000.0,25801,6734061000.0,-1.694915254237288,0.8764283870266452,0.3397350891588906,3.5678863759241946,2.236382506618485,1.87717470042636,솔브레인
007690,32550.0,13178,428943900.0,-2.9806259314456036,1.1786645439137065,0.016764322526374387,2.1761220482927297,4.038948874179491,1.871227005752216,국도화학
008770,44500.0,79196,3524222000.0,-1.1111111111111112,0.8017745219228577,0.175315595253385,4.199846423491584,1.7911394627995785,1.8674220039887026,호텔신라
148150,5140.0,54317,279189380.0,0.390625,0.5660001833975224,0.009093357599952244,5.825455346253766,0.38495796109882396,1.866761335245758,세경하이테크
017800,88200.0,221358,19523775600.0,-1.5625,0.6995955071378445,0.9948702537973215,3.711224088326072,1.1817337006994164,1.8658354382265752,현대엘리베이터
029780,56300.0,46533,2619807900.0,0.35650623885918004,0.5379951175437186,0.12898825341380882,5.788522251195493,0.21793297524227906,1.853531869296855,삼성카드
101490,48300.0,82802,3999336600.0,0.10362694300518134,0.5646478946234271,0.19965267324362584,5.514783851565531,0.37689277694441653,1.847364057850435,에스앤에스텍
064290,13020.0,74614,971474280.0,-0.53475935828877,0.7139426159077904,0.044554679147987386,4.8237393598773295,1.2673012780760307,1.845134063045203,인텍플러스
257720,38700.0,394595,15270826500.0,-2.3959646910466583,0.8874803077971846,0.7770189102788847,2.8090098920048465,2.3022972564720816,1.8441997086546325,실리콘투
056360,5190.0,22085,114621150.0,-1.5180265654648957,0.9004491033223044,0.0006635811876384651,3.7593659765521292,2.3796444371738676,1.8419685565928543,코위버
002380,416500.0,10995,4579417500.0,0.0,0.5727770701632375,0.22936650250492222,5.402609094668227,0.42537598482724254,1.8401421248506098,케이씨씨
168360,15110.0,165690,2503575900.0,-4.124365482233502,1.3436926366957278,0.12303443248521248,0.938039534780305,5.023192760865651,1.837583461687872,펨트론
005810,37550.0,9164,344108200.0,-0.3978779840848806,0.685997462318423,0.012418732962810822,4.971911586421949,1.1006336148971883,1.8267310535808654,풍산홀딩스
013890,13110.0,41813,548168430.0,-1.2057272042200453,0.8254588706771889,0.02287143160060576,4.097425789095984,1.9323952640308526,1.8180948885782935,지누스
376270,45900.0,46409,2130173100.0,0.10905125408942204,0.567540068629681,0.10390739857513204,5.520655594565609,0.3941419891052086,1.816002234531298,HEM파마
119610,15990.0,44068,704647320.0,-3.616636528028933,1.2578189109539677,0.03088684293453724,1.487649224653835,4.511033357194113,1.8119595117281992,인터로조
222800,49450.0,408752,20212786400.0,-1.0999999999999999,0.5720455879266854,1.0301638641719937,4.211874050203351,0.4210133523359555,1.8019317664305894,심텍
072990,5620.0,57965,325763300.0,-2.0905923344947737,0.9763932322043849,0.011479041229441295,3.139571316147713,2.832582741930406,1.796237833915212,에이치시티
082640,6560.0,69020,452771200.0,-1.0558069381598794,0.7834674963718371,0.01798484249860186,4.259712438799018,1.6819545496236183,1.7896940335262315,동양생명
024060,11810.0,67012,791411720.0,-0.08460236886632826,0.5946035636107446,0.03533122744635071,5.311028180619245,0.5555513530409432,1.7741063510765969,흥구석유
388610,14400.0,64199,924465600.0,-2.7027027027027026,1.067984422489241,0.04214672554820688,2.4769701647790936,3.3788416702890527,1.7736022407397265,지에프씨생명과학
051910,332500.0,145948,48527710000.0,-3.762662807525326,0.7036066420991532,2.480556051532499,1.3295777624636735,1.2056565067973817,1.752792701391316,LG화학
058470,60400.0,272183,16439853200.0,-1.6286644951140066,0.6822398516123372,0.8369006608514284,3.6396019219337337,1.078222852561733,1.7501076966892113,리노공업
006660,14010.0,59675,836046750.0,-2.5730180806675937,1.0304107138540382,0.03761759415915378,2.6173520049476267,3.154748351382599,1.7466771445627294,삼성공조
023530,72600.0,67774,4920392400.0,-2.8112449799196786,1.0268009999242482,0.24683246278906118,2.3594746254261167,3.133219660065937,1.7465412707632404,롯데쇼핑
001680,20900.0,108854,2275048600.0,-3.2407407407407405,1.1341403823532783,0.11132844255562672,1.8945513037363497,3.7734023657825135,1.7449174778779097,대상
000370,5560.0,209897,1167027320.0,-0.5366726296958855,0.6520906732769329,0.054571608928105045,4.821668269591852,0.8984101675516251,1.737852174714285,한화손해보험
011070,270500.0,82720,22375760000.0,-1.4571948998178506,0.5740708996992928,1.1409591484971482,3.825215427551317,0.43309251229725604,1.733876041353431,LG이노텍
045100,21350.0,36501,779296350.0,-0.4662004662004662,0.637478518435723,0.03471063463659361,4.897953428440265,0.8112618291607251,1.7266488311349346,한양이엔지
317870,11500.0,13589,156273500.0,-0.4329004329004329,0.636031321816216,0.0027971643072201595,4.934000261742262,0.8026306052183624,1.7221081258110753,엔바이오니아
003780,6720.0,49395,331934400.0,-0.4444444444444444,0.635086555373839,0.011795147158380492,4.921504026197569,0.7969959246038072,1.720268044103765,진양산업
305090,10730.0,108765,1167048450.0,-0.463821892393321,0.6264389910971537,0.05457269128267368,4.90052820224755,0.7454209949626142,1.7156138356761186,마이크로디지탈
001340,5640.0,120618,680285520.0,-3.0927835051546393,1.1075382163031742,0.029638943950623362,2.0547129996404556,3.614744413272518,1.7126928014541414,PKC
089860,31050.0,33879,1051942950.0,-2.96875,1.0802029744719588,0.04867657373417976,2.1889775826181324,3.4517143242136896,1.7116782015432186,롯데렌탈
114840,13650.0,59566,813075900.0,-1.8691588785046727,0.8791010930836796,0.03644094463511868,3.379270021660789,2.25232279019808,1.7040542214117083,아이패밀리에스씨
007310,385000.0,3388,1304380000.0,-0.7731958762886598,0.671722428748451,0.06160730702142526,4.565635070911284,1.0154959011502156,1.69898221442702,오뚜기
046890,6210.0,113766,706486860.0,-2.8169014084507045,1.0478739670106587,0.030981070787030447,2.3533516184457497,3.2589009224467245,1.6960681905825543,서울반도체
225570,12040.0,57912,697260480.0,-0.6600660066006601,0.6529297958410564,0.030508462431851298,4.688096616741508,0.903414777615257,1.68965680327977,넥슨게임즈
348370,63300.0,142124,8996449200.0,-1.4018691588785046,0.6889830054510634,0.4556227467210886,3.8851047899126487,1.1184396897733035,1.6833124425942212,엔켐
084370,75150.0,174299,13098569850.0,-1.8929503916449086,0.7269540076958303,0.6657481147574055,3.3535160321544937,1.3449025071078184,1.6758248076816558,유진테크
022100,28650.0,1354951,38819346150.0,-3.697478991596639,0.7548444941824176,1.983258750681115,1.4001383569711603,1.5112441302724602,1.6667182464455321,포스코DX
017810,12960.0,37632,487710720.0,-0.23094688221709006,0.5629374107601645,0.019774570330963942,5.152612234608417,0.3666912818091893,1.6637008830576672,풀무원
006650,144900.0,39536,5728766400.0,-2.555480833893746,0.9176130363438451,0.28824028541392466,2.6363358361449443,2.4820118333132384,1.6508004150030247,대한유화
001800,20700.0,62148,1286463600.0,-0.24096385542168677,0.5407512464217038,0.060689564598640625,5.1417689973046175,0.2343708007866799,1.6371177652668454,오리온홀딩스
037710,31700.0,11439,362616300.0,-0.6269592476489028,0.6200252042765966,0.013366784386932869,4.723934233189244,0.7071685352618293,1.634677544290095,광주신세계
211050,12970.0,129745,1682792650.0,-0.9923664122137404,0.6689076150140102,0.08099096346040591,4.328385945602065,0.9987080733108488,1.6305245910580364,인카금융서비스
108670,28800.0,22525,648720000.0,-2.2071307300509337,0.9010180203604072,0.02802204452879438,3.013420087407322,2.383037514724148,1.6301460984509586,LX하우시스
010950,82800.0,136820,11328696000.0,-1.4285714285714286,0.6319338598679045,0.5750888129377227,3.8561999460125422,0.7781929364216827,1.6203533899053566,S-Oil
008930,36050.0,87649,3159746450.0,-3.0913978494623655,1.025388751362911,0.1566458471844224,2.056212953088049,3.124796869803109,1.6169612857411162,한미사이언스
005960,5630.0,99700,561311000.0,-2.5951557093425603,0.9616734081869562,0.02354464128745226,2.593388322888869,2.744792253910971,1.6108720295549328,동부건설
072020,9790.0,12528,122649120.0,-0.40691759918616477,0.5691453960235235,0.0010748026739773693,4.962126325976883,0.4037163206440598,1.610182715055874,중앙백신
309710,34650.0,238410,8260906500.0,-1.9801980198019802,0.7562678541434935,0.4179456051324017,3.25907166088807,1.5197331900235973,1.6008196973264608,아이티켐
041440,8240.0,66644,549146560.0,-0.36275695284159615,0.5459908660161977,0.022921534935873917,5.0099296252393355,0.2656204108833888,1.5918336248111669,현대에버다임
003230,1234000.0,28011,34565574000.0,-2.7580772261623325,0.5800621872388804,1.7653652475825687,2.4170279960027994,0.46882514444981305,1.5719020411688112,삼양식품
002150,6350.0,17485,111029750.0,-1.244167962674961,0.6963943619338933,0.0004796167674877245,4.055814190706822,1.1626417537207567,1.5657286300352684,도화엔지니어링
311690,9330.0,22986,214459380.0,-2.3036649214659684,0.8819263795207072,0.0057776542763577025,2.90892313767372,2.2691730782726975,1.5557399264944682,CJ 바이오사이언스
227840,12180.0,22795,277643100.0,-3.7154150197628457,1.1355597843955803,0.009014151579015927,1.3807228503384223,3.7818678201141633,1.552382861767382,현대코퍼레이션홀딩스
025900,8500.0,49245,418582500.0,-3.299203640500569,1.0504109816953968,0.01623357436606089,1.8312660096044726,3.2740319292455777,1.5380828114014395,동화기업
063170,6930.0,43859,303942870.0,-3.076923076923077,1.0100337837059827,0.010361320353908125,2.071881697563675,3.033218322224804,1.5356745340781068,서울옥션
222080,6700.0,324906,2176870200.0,-4.148783977110158,1.175341295770857,0.1062993919270898,0.9116068460687412,4.019128693182424,1.5217404185461851,씨아이에스
078140,11830.0,32609,385764470.0,-4.2105263157894735,1.2052565730263365,0.014552516878886082,0.8447716038935772,4.197546368990617,1.5185163986168126,대봉엘에스
088980,11260.0,1092259,12298836340.0,-2.763385146804836,0.8056486773751227,0.6247828890954724,2.411282244073466,1.8142453095416862,1.5175714217227345,맥쿼리인프라
122990,5750.0,27285,156888750.0,-0.5190311418685121,0.5350676703230114,0.0028286796242268267,4.840764940312356,0.20047339013767917,1.5135029709847012,와이솔
009900,8990.0,79058,710731420.0,-0.4429678848283499,0.5075682940914564,0.031198492410685574,4.923102381906775,0.03646438726238625,1.5003494277150224,명신산업
281740,14900.0,302702,4510259800.0,-0.9966777408637874,0.5604057703454924,0.22582399646842977,4.323718990954959,0.35159232768917903,1.4929229941806135,레이크머티리얼즈
002900,6295.0,175077,1102109715.0,-0.8661417322834646,0.5730357323751589,0.051246295801914754,4.465022445483284,0.4269186718722696,1.4880808535274321,TYM
057050,55000.0,3886,213730000.0,-1.079136690647482,0.6138002385070407,0.005740292810419754,4.234458298921127,0.6700422230065655,1.4736462737024756,현대홈쇼핑
029460,25700.0,20095,516441500.0,-0.5802707930367506,0.5172857620923108,0.02124626417825984,4.774473850533423,0.09442032865802763,1.469166759428739,케이씨
003030,127100.0,7457,947784700.0,-1.2432012432012431,0.6318420606676834,0.043341213689304256,4.056860651393661,0.777645436901467,1.46768831196426,세아제강지주
192820,162700.0,46745,7605411500.0,-3.2123735871505055,0.9008809341640954,0.38436879453299483,1.9252583618196322,2.3822199190748594,1.4459910020815454,코스맥스
208370,5740.0,1944963,11164087620.0,-2.711864406779661,0.7688398955725582,0.5666569798980577,2.467052744677775,1.594714090009312,1.445192842365349,셀바스헬스케어
003800,30600.0,12343,377695800.0,-2.2364217252396164,0.8044448789389644,0.014139210592218577,2.981712983354216,1.8070657364664757,1.442289300183095,에이스침대
052400,45600.0,59155,2697468000.0,-1.935483870967742,0.7226896197434577,0.13296628294695703,3.3074741190702026,1.31946927509365,1.4412695314279385,코나아이
047050,49550.0,262023,12983239650.0,-3.22265625,0.8354831051925978,0.6598404872670484,1.9141275190875318,1.9921807912957865,1.4358286880218147,포스코인터내셔널
329180,512000.0,100810,51614720000.0,-3.9399624765478425,0.518022624243726,2.638683802451232,1.1376532813026423,0.09881504749428537,1.4264140196195711,HD현대중공업
063080,15990.0,8059,128863410.0,-0.9907120743034057,0.5705062632512273,0.0013931209499974575,4.330176743897721,0.41183266754523973,1.4231600718128872,컴투스홀딩스
259960,246750.0,38747,9560822250.0,-1.3,0.516250492141393,0.48453196343099414,3.9953767693915543,0.08824587615673943,1.4188995790368857,크래프톤
170790,8790.0,14215,124949850.0,-1.8973214285714284,0.7242961487214631,0.0011926543363857374,3.3487844441098957,1.3290507729994312,1.4038276268673522,파이오링크
006910,5210.0,984025,5126770250.0,-1.1385199240986716,0.5289016443155858,0.2574038782557891,4.170176756081154,0.163698600460066,1.4031241582646814,보성파워텍
003160,21350.0,252964,5400781400.0,-1.6129032258064515,0.6100427078609402,0.27143971451033816,3.6566632816698736,0.6476319381567897,1.3998644517521341,디아이
206650,11330.0,142612,1615793960.0,-4.388185654008439,1.1550906783278352,0.07755904967839633,0.6524577857174308,3.898352005505125,1.3962665572381252,유바이오로직스
213420,36550.0,160637,5871282350.0,-4.9414824447334205,1.2058906878412134,0.2955404647601356,0.05352153234817236,4.2013282925375615,1.3946711333697743,덕산네오룩스
081000,12040.0,9891,119087640.0,-1.3923013923013923,0.6244397025214965,0.0008923708637979242,3.895461767149583,0.7334970399247814,1.3890445904678286,일진다이아
458650,9600.0,29213,280444800.0,-4.9504950495049505,1.2683877802671113,0.009157664725960385,0.043765510217834064,4.574067140323308,1.3890128610527268,성우
097950,208500.0,24148,5034858000.0,-1.1848341232227488,0.528727150909913,0.25269580235892436,4.12004226521446,0.162657904510029,1.3858883718609165,CJ제일제당
229640,34600.0,101865,3524529000.0,-1.7045454545454544,0.6367201209871365,0.17533132089714126,3.55746181502224,0.8067386716796796,1.3793926743694322,LS에코에너지
105740,9630.0,106900,1029447000.0,-2.5303643724696356,0.8104209981672659,0.04752425029555135,2.6635240641546156,1.842707903308533,1.370879290357165,디케이락
007540,49000.0,2093,102557000.0,-1.2096774193548387,0.5770927539428697,4.561205043248508e-05,4.093149734919462,0.45111515023457843,1.363297710366385,샘표
003100,19200.0,14691,282067200.0,-2.636916835699797,0.833286065955009,0.009240769886970732,2.548182471388971,1.9790774317286208,1.361874278890066,선광
171090,52400.0,26707,1399446800.0,-1.1320754716981132,0.5455362523107721,0.06647697031083508,4.177152788186364,0.26290904972768564,1.358609339498549,선익시스템
003960,37100.0,4648,172440800.0,-1.5915119363395225,0.6414883412806305,0.0036253115394702757,3.6798190616831143,0.8351768096665451,1.3559488860206859,사조대림
460850,5330.0,21649,115389170.0,-1.478743068391867,0.6199093143887169,0.0007029219332987011,3.8018898280375737,0.7064773564949209,1.352791324133068,동국씨엠
195940,49300.0,158192,7798865600.0,-3.7109375,0.9363966852722272,0.39427820905999916,1.3855697046056084,2.594039375507759,1.3515940076580097,HK이노엔
192440,22050.0,5386,118761300.0,-2.8634361233480177,0.8700638897639067,0.0008756545557086017,2.3029784222526475,2.1984240147212577,1.350770992914455,슈피겐코리아
001500,7900.0,70990,560821000.0,-2.3485784919653896,0.7642907513175107,0.02351954172575658,2.860304808250352,1.567582543208986,1.337774022128104,현대차증권
014820,25000.0,14491,362275000.0,-3.6608863198458574,1.003469312854462,0.013349301773857899,1.4397494266295743,2.994067168042389,1.3354846991111322,동원시스템즈
013580,20450.0,60758,1242501100.0,-1.6826923076923077,0.6281376903290905,0.058437647290382866,3.5811175493766756,0.7555522053896815,1.3243759853460604,계룡건설산업
461300,17280.0,17957,310296960.0,-2.7574563871693867,0.8325876194494545,0.010686799688550777,2.417700045771773,1.9749118276082525,1.322058281889428,아이스크림미디어
293490,14950.0,111380,1665131000.0,-2.287581699346405,0.7287795625032512,0.08008627024852327,2.926333006951608,1.3557902967485058,1.3166714992094435,카카오게임즈
032830,157500.0,174305,27453037500.0,-3.9048200122025625,0.7146312764186643,1.4010355563692598,1.175694521161535,1.2714085175551,1.2945451341626943,삼성생명
216050,6680.0,18569,124040920.0,-2.3391812865497075,0.7427837690806106,0.0011460956739121583,2.8704771553489774,1.4393127714938347,1.2933954163224084,인크로스
086450,17190.0,157096,2700480240.0,-3.1549295774647885,0.8562648460264702,0.13312058070965538,1.9874407212990528,2.116125151468768,1.2843179941142084,동국제약
000990,67300.0,236388,15908912400.0,-3.025936599423631,0.6813141268317371,0.8097039641854011,2.1270738662476845,1.07270173830355,1.2838142670395307,DB하이텍
173130,6650.0,37481,249248650.0,-1.4814814814814816,0.5797422010281332,0.007559685763526371,3.7989255330993683,0.46691671500339305,1.2827765487362388,오파스넷
117580,8020.0,18777,150591540.0,-1.3530135301353015,0.5564973593271174,0.0025061138876846852,3.937990343788919,0.32828217735875276,1.2808842018993754,대성에너지
460860,8250.0,111420,919215000.0,-4.624277456647398,1.1410769259129536,0.041877770938738845,0.39689161925098193,3.8147725984395704,1.2802503736826611,동국제강
000100,112600.0,186452,20994495200.0,-3.098106712564544,0.6323876336898735,1.0702057993835354,2.0489506999932483,0.7808992884292838,1.2770373162801738,유한양행
377740,5470.0,36197,197997590.0,-2.3214285714285716,0.7264637350154436,0.004934422207528483,2.889694228102739,1.3419784722944412,1.2714755790021655,바이오노트
499790,41800.0,125209,5233736200.0,-4.128440366972478,0.9967452873934715,0.26288305878918083,0.9336285274522566,2.9539644143697545,1.2714311060622756,GS피앤엘
000020,6250.0,36362,227262500.0,-2.49609984399376,0.7575661297396062,0.0064334761137805315,2.7006149503712424,1.527476234236049,1.2710007458276995,동화약품
378340,12240.0,37624,460517760.0,-3.6978756884343036,0.9664451596828176,0.018381649152988146,1.3997089380378551,2.77325145233842,1.2592407767740776,필에너지
002810,15980.0,12392,198024160.0,-1.8427518427518428,0.6310729054205455,0.004935783218455532,3.4078552788347274,0.7730581188446073,1.2562483325911826,삼영무역
212710,8060.0,259925,2094995500.0,-1.466992665036675,0.5403103086758443,0.10210547542920155,3.8146094799117782,0.2317410044080437,1.2547473354676273,아이에스티이
036220,11870.0,8565,101666550.0,-1.3300083125519535,0.5382730015082956,0.0,3.9628931790453117,0.2195903027235112,1.254745044530647,오상헬스케어
413640,9450.0,16086,152012700.0,-1.8691588785046727,0.6328399311531842,0.0025789108123774034,3.379270021660789,0.7835968352876551,1.2498916214094842,비아이매트릭스
194700,13980.0,60935,851871300.0,-3.3863165169315828,0.896603984579618,0.03842818450411574,1.7369675052494302,2.356711768242946,1.243475055849359,노바렉스
136410,9930.0,27905,277096650.0,-2.8375733855185907,0.8030030963315952,0.008986160445365717,2.3309744843247437,1.798466802228606,1.242426850144151,아셈스
123420,7540.0,13683,103169820.0,-1.8229166666666667,0.6197010869565217,7.700289410257943e-05,3.429326587269046,0.70523546747031,1.240399417579448,위메이드플레이
282330,104700.0,29579,3096921300.0,-4.99092558983666,1.1594878951329652,0.15342771712632994,0.0,3.924577441950055,1.2387443194355483,BGF리테일
307280,6720.0,42826,287790720.0,-1.7543859649122806,0.5992780844259205,0.009533949159126764,3.5035101401787894,0.5834306580608534,1.2298958191355436,원바이오젠
175330,25600.0,185484,4748390400.0,-1.5384615384615385,0.5060608400352391,0.23802190195073417,3.7372453961159513,0.027473782000699574,1.224624514215289,JB금융지주
360070,20700.0,16090,333063000.0,-3.4965034965034967,0.9093478015146377,0.01185295810803303,1.6176915979585087,2.43271715435565,1.2198638089374607,탑머티리얼
192080,53800.0,17568,945158400.0,-2.181818181818182,0.6620440156768164,0.04320668516097494,3.0408205767213627,0.9577728872197195,1.2168607132467146,더블유게임즈
439090,13730.0,14590,200320700.0,-1.3649425287356323,0.5153865310671398,0.005053420253999605,3.9250773649900226,0.08309312675914662,1.2044725156263507,마녀공장
010130,1311000.0,23447,30739017000.0,-3.3185840707964607,0.5198983573988009,1.5693552404325,1.8102869573043567,0.11000210576911791,1.2038288150950425,고려아연
101730,6190.0,27954,173035260.0,-1.5898251192368837,0.5556196011241985,0.003655761917930712,3.6816450182628553,0.3230471405195845,1.2028699524019042,위메이드맥스
294570,28000.0,33443,936404000.0,-2.608695652173913,0.7258761172584139,0.042758253318304226,2.578731518862194,1.3384738618047074,1.192264915527392,쿠콘
000140,9750.0,27339,266555250.0,-4.129793510324483,1.0090686627321146,0.008446192037898705,0.9321637681709676,3.027462245168899,1.1912662808171193,하이트진로홀딩스
003540,27050.0,90112,2437529600.0,-1.8148820326678767,0.563835195587529,0.11965130354312811,3.4380239693343264,0.3720457594196186,1.1908814400434347,대신증권
140670,16390.0,625999,10260123610.0,-3.2467532467532463,0.7291908857050867,0.5203526932864889,1.8880428477234896,1.3582434690541059,1.1820269723478742,알에스오토메이션
017860,18080.0,53149,960933920.0,-4.942166140904311,1.1324742844662727,0.04401476401305948,0.05278144053867646,3.7634655930048506,1.1624800156682817,DS단석
365340,41100.0,24901,1023431100.0,-2.6066350710900474,0.6958706347398764,0.0472160942686023,2.5809620698699396,1.1595181928753724,1.1410305165310344,성일하이텍
381970,16060.0,36262,582367720.0,-1.8937080024434942,0.5679626286792778,0.02462324219102093,3.3526959287654563,0.3966621790835467,1.1346567292311092,케이카
214320,18540.0,96470,1788553800.0,-1.8008474576271187,0.5260967893753208,0.08640842980618346,3.4532162060026925,0.14697016785529857,1.1146192840798708,이노션
006220,11250.0,89106,1002442500.0,-2.4284475281873377,0.6481518187944825,0.046140982716345286,2.773847662434799,0.8749184493868946,1.1130862266330461,제주은행
